{"cameraMode":{"drawMode":0,"name":"Shaded","section":"Shading Mode"},"sceneLighting":true,"audioPlay":false,"sceneViewState":{"m_AlwaysRefresh":false,"showFog":true,"showSkybox":true,"showFlares":true,"showImageEffects":true,"showParticleSystems":true,"showVisualEffectGraphs":true,"m_FxEnabled":true},"in2DMode":false,"pivot":{"x":1517.3885498046875,"y":-4.366376876831055,"z":263.9223327636719},"rotation":{"x":-0.2282671183347702,"y":-0.030105769634246827,"z":-0.0070625715889036659,"w":0.9731054902076721},"size":87.77051544189453,"orthographic":false}