{"cameraMode":{"drawMode":0,"name":"Shaded","section":"Shading Mode"},"sceneLighting":true,"audioPlay":false,"sceneViewState":{"m_AlwaysRefresh":false,"showFog":true,"showSkybox":true,"showFlares":true,"showImageEffects":true,"showParticleSystems":true,"showVisualEffectGraphs":true,"m_FxEnabled":true},"in2DMode":false,"pivot":{"x":-1.9944257736206055,"y":-0.14043153822422028,"z":0.5795074105262756},"rotation":{"x":-0.09878957271575928,"y":-0.7797943949699402,"z":0.1273438185453415,"w":-0.6049348711967468},"size":1.2247449159622193,"orthographic":false}